{
  "iteration": 2,
  "trial_index": 1,
  "parameters": {
    "x1": -3.3329896349459887,
    "x2": 11.819649185054004
  },
  "objective_value": 1.4197303445112155,
  "notes": ""
}