{
  "iteration": 1,
  "trial_index": 0,
  "parameters": {
    "x1": 9.962700307369232,
    "x2": 1.565495878458023
  },
  "objective_value": 3.715720823042817,
  "notes": ""
}