{
  "iteration": 3,
  "trial_index": 2,
  "parameters": {
    "x1": 0.47781798522919416,
    "x2": 5.299124848097563
  },
  "objective_value": 18.527586163986598,
  "notes": ""
}