{
  "iteration": 4,
  "trial_index": 3,
  "parameters": {
    "x1": 6.1517495242878795,
    "x2": 8.056453275494277
  },
  "objective_value": 67.93869624991603,
  "notes": ""
}