{
  "iteration": 5,
  "trial_index": 4,
  "parameters": {
    "x1": 3.733815406449139,
    "x2": 7.317014294676483
  },
  "objective_value": 828942575880458.0,
  "notes": ""
}