{
  "timestamp": "2025-11-27 19:15:07.370690",
  "detections": [
    {
      "tag_id": 2,
      "position": {
        "x": -0.4522281189135009,
        "y": -0.27330853562853835,
        "z": 1.3299844685734277
      },
      "orientation": {
        "roll": -0.5400384010141707,
        "pitch": 1.8348894227881636,
        "yaw": -5.457164611004968
      },
      "distance_cm": 143.11067443870155
    }
  ]
}