{
  "timestamp": "2025-11-28 00:51:01.916778",
  "detections": [
    {
      "tag_id": 110,
      "position": {
        "x": -0.526822160527956,
        "y": -0.14760649389253483,
        "z": 1.7028379325504581
      },
      "orientation": {
        "roll": -1.1907000814793327,
        "pitch": -1.2771760356777075,
        "yaw": 1.5469245947974366
      },
      "distance_cm": 178.8571019108637
    }
  ]
}