{
  "timestamp": "2025-11-27 20:21:05.690346",
  "detections": [
    {
      "tag_id": 2,
      "position": {
        "x": -0.16994089321818345,
        "y": -0.031134417677902388,
        "z": 0.3951832733906912
      },
      "orientation": {
        "roll": -2.2819072610632776,
        "pitch": -8.408010129615535,
        "yaw": -1.2614416649945184
      },
      "distance_cm": 43.12992913508181
    }
  ]
}